"Info_PepID","Info_organism_id","Info_host_id","Info_protein_id","Info_start_pos","Info_end_pos","Info_peptide","Info_peptide_length","Info_cluster","Info_split","Class"
"P0DTC2:2","2697049","9606","P0DTC2",480,494,"CNGVEGFNCYFPLQS",15,1,"split_02_75",1
"P0DTC2:4","2697049","9606","P0DTC2",802,819,"FSQILPDPSKPSKRSFIE",18,1,"split_02_75",1
"QHD43415.1:2","2697049","9606","QHD43415.1",141,165,"KSFDLGDELGTDPYEDFQENWNTKH",25,5,"split_02_75",1
"QHD43416.1:1","2697049","9606","QHD43416.1",1,1266,"MFVFLVLLPLVSSQCVNLTTRTQLPPAYTNSFTRGVYYPDKVFRSSVLHSTQDLFLPFFSNVTWFHAIHVSGTNGTKRFDNPVLPFNDGVYFASTEKSNIIRGWIFGTTLDSKTQSLLIVNNATNVVIKVCEFQFCNDPFLGVYYHKNNKSWMESEFRVYSSANNCTFEYVSQPFLMDLEGKQGNFKNLREFVFKNIDGYFKIYSKHTPINLVRDLPQGFSALEPLVDLPIGINITRFQTLLALHRSYLTPGDSSSGWTAGAAAYYVGYLQPRTFLLKYNENGTITDAVDCALDPLSETKCTLKSFTVEKGIYQTSNFRVQPTESIVRFPNITNLCPFGEVFNATRFASVYAWNRKRISNCVADYSVLYNSASFSTFKCYGVSPTKLNDLCFTNVYADSFVIRGDEVRQIAPGQTGKIADYNYKLPDDFTGCVIAWNSNNLDSKVGGNYNYLYRLFRKSNLKPFERDISTEIYQAGSTPCNGVEGFNCYFPLQSYGFQPTNGVGYQPYRVVVLSFELLHAPATVCGPKKSTNLVKNKCVNFNFNGLTGTGVLTESNKKFLPFQQFGRDIADTTDAVRDPQTLEILDITPCSFGGVSVITPGTNTSNQVAVLYQDVNCTEVPVAIHADQLTPTWRVYSTGSNVFQTRAGCLIGAEHVNNSYECDIPIGAGICASYQTQTNSPRRARSVASQSIIAYTMSLGAENSVAYSNNSIAIPTNFTISVTTEILPVSMTKTSVDCTMYICGDSTECSNLLLQYGSFCTQLNRALTGIAVEQDKNTQEVFAQVKQIYKTPPIKDFGGFNFSQILPDPSKPSKRSFIEDLLFNKVTLADAGFIKQYGDCLGDIAARDLICAQKFNGLTVLPPLLTDEMIAQYTSALLAGTITSGWTFGAGAALQIPFAMQMAYRFNGIGVTQNVLYENQKLIANQFNSAIGKIQDSLSSTASALGKLQDVVNQNAQALNTLVKQLSSNFGAISSVLNDILSRLDKVEAEVQIDRLITGRLQSLQTYVTQQLIRAAEIRASANLAATKMSECVLGQSKRVDFCGKGYHLMSFPQSAPHGVVFLHVTYVPAQEKNFTTAPAICHDGKAHFPREGVFVSNGTHWFVTQRNFYEPQIITTDNTFVSGNCDVVIGIVNNTVYDPLQPELDSFKEELDKYFKNHTSPDVDLGDISGINASVVNIQKEIDRLNEVAKNLNESLIDLQELGKYEQYIKWPWYIWLGFIAGLIAIVMVTIMLCCMTSCCSCLKGCCSCGSCCKFDEDDSEPVLK",1266,1,"split_02_75",-1
"QHD43418.1:1","2697049","9606","QHD43418.1",1,74,"MYSFVSEETGTLIVNSVLLFLAFVVFLLVTLAILTALRLCAYCCNIVNVSLVKPSFYVYSRVKNLNSSRVPDLL",74,2,"split_01_25",-1
"QHD43419.1:1","2697049","9606","QHD43419.1",1,218,"MADSNGTITVEELKKLLEQWNLVIGFLFLTWICLLQFAYANRNRFLYIIKLIFLWLLWPVTLACFVLAAVYRINWITGGIAIAMACLVGLMWLSYFIASFRLFARTRSMWSFNPETNILLNVPLHGTILTRPLLESELVIGAVILRGHLRIAGHHLGRCDIKDLPKEITVATSRTLSYYKLGASQRVAGDSGFAAYSRYRIGNYKLNTDHSSSSDNIA",218,3,"split_01_25",-1
"QHD43423.2:1","2697049","9606","QHD43423.2",1,419,"MSDNGPQNQRNAPRITFGGPSDSTGSNQNGERSGARSKQRRPQGLPNNTASWFTALTQHGKEDLKFPRGQGVPINTNSSPDDQIGYYRRATRRIRGGDGKMKDLSPRWYFYYLGTGPEAGLPYGANKDGIIWVATEGALNTPKDHIGTRNPANNAAIVLQLPQGTTLPKGFYAEGSRGGSQASSRSSSRSRNSSRNSTPGSSRGTSPARMAGNGGDAALALLLLDRLNQLESKMSGKGQQQQGQTVTKKSAAEASKKPRQKRTATKAYNVTQAFGRRGPEQTQGNFGDQELIRQGTDYKHWPQIAQFAPSASAFFGMSRIGMEVTPSGTWLTYTGAIKLDDKDPNFKDQVILLNKHIDAYKTFPPTEPKKDKKKKADETQALPQRQKKQQTVTLLPAADLDDFSKQLQQSMSSADSTQA",419,4,"split_01_25",-1
"QHO62112.1:10","2697049","10000000,9606","QHO62112.1",176,190,"LMDLEGKQGNFKNLR",15,1,"split_02_75",-1
"QHO62112.1:12","2697049","10000000,9606","QHO62112.1",205,219,"SKHTPINLVRDLPQG",15,1,"split_02_75",-1
"QHO62112.1:14","2697049","10000000,9606","QHO62112.1",243,257,"ALHRSYLTPGDSSSG",15,1,"split_02_75",1
"QHO62112.1:16","2697049","10000000,9606","QHO62112.1",263,275,"AAYYVGYLQPRTF",13,1,"split_02_75",-1
"QHO62112.1:18","2697049","10000000,9606","QHO62112.1",366,381,"SVLYNSASFSTFKCYG",16,1,"split_02_75",-1
"QHO62112.1:2","2697049","10000000,9606","QHO62112.1",16,30,"VNLTTRTQLPPAYTN",15,1,"split_02_75",1
"QHO62112.1:20","2697049","10000000,9606","QHO62112.1",406,420,"EVRQIAPGQTGKIAD",15,1,"split_02_75",1
"QHO62112.1:26","2697049","10000000,9606","QHO62112.1",556,570,"NKKFLPFQQFGRDIA",15,1,"split_02_75",1
"QHO62112.1:28","2697049","10000000,9606","QHO62112.1",675,689,"QTQTNSPRRARSVAS",15,1,"split_02_75",1
"QHO62112.1:30","2697049","10000000,9606","QHO62112.1",703,719,"NSVAYSNNSIAIPTNFT",17,1,"split_02_75",1
"QHO62112.1:32","2697049","10000000,9606","QHO62112.1",721,733,"SVTTEILPVSMTK",13,1,"split_02_75",-1
"QHO62112.1:34","2697049","10000000,9606","QHO62112.1",793,812,"PIKDFGGFNFSQILPDPSKP",20,1,"split_02_75",1
"QHO62112.1:36","2697049","10000000,9606","QHO62112.1",909,923,"IGVTQNVLYENQKLI",15,1,"split_02_75",1
"QHO62112.1:38","2697049","10000000,9606","QHO62112.1",1065,1079,"VTYVPAQEKNFTTAP",15,1,"split_02_75",1
"QHO62112.1:4","2697049","10000000,9606","QHO62112.1",63,85,"TWFHAIHVSGTNGTKRFDNPVLP",23,1,"split_02_75",1
"QHO62112.1:40","2697049","10000000,9606","QHO62112.1",1106,1120,"QRNFYEPQIITTDNT",15,1,"split_02_75",1
"QHO62112.1:42","2697049","10000000,9606","QHO62112.1",1205,1222,"KYEQYIKWPWYIWLGFIA",18,1,"split_02_75",-1
"QHO62112.1:6","2697049","10000000,9606","QHO62112.1",92,106,"FASTEKSNIIRGWIF",15,1,"split_02_75",1
"QHO62112.1:8","2697049","10000000,9606","QHO62112.1",139,153,"PFLGVYYHKNNKSWM",15,1,"split_02_75",1
"QHO62113.1:1","2697049","10000000,9606","QHO62113.1",1,11,"MYSFVSEETGT",11,2,"split_01_25",1
"QHO62113.1:2","2697049","10000000,9606","QHO62113.1",12,25,"LIVNSVLLFLAFVV",14,2,"split_01_25",-1
"QHO62114.1:2","2697049","10000000,9606","QHO62114.1",47,62,"YIIKLIFLWLLWPVTL",16,3,"split_01_25",1
"QHO62114.1:4","2697049","10000000,9606","QHO62114.1",160,175,"DIKDLPKEITVATSRT",16,3,"split_01_25",1
"QHO62114.1:6","2697049","10000000,9606","QHO62114.1",183,197,"ASQRVAGDSGFAAYS",15,3,"split_01_25",1
"QHO62115.1:10","2697049","10000000,9606","QHO62115.1",357,373,"IDAYKTFPPTEPKKDKK",17,4,"split_01_25",1
"QHO62115.1:2","2697049","10000000,9606","QHO62115.1",43,57,"QGLPNNTASWFTALT",15,4,"split_01_25",1
"QHO62115.1:4","2697049","10000000,9606","QHO62115.1",59,73,"HGKEDLKFPRGQGVP",15,4,"split_01_25",1
"QHO62115.1:6","2697049","10000000,9606","QHO62115.1",77,91,"NSSPDDQIGYYRRAT",15,4,"split_01_25",1
"QHO62115.1:8","2697049","10000000,9606","QHO62115.1",152,170,"ANNAAIVLQLPQGTTLPKG",19,4,"split_01_25",1
"QII57161.1:10","2697049","9606","QII57161.1",686,725,"SVASQSIIAYTMSLGAENSVAYSNNSIAIPTNFTISVTTE",40,1,"split_02_75",-1
"QII57161.1:12","2697049","9606","QII57161.1",756,875,"YGSFCTQLNRALTGIAVEQDKNTQEVFAQVKQIYKTPPIKDFGGFNFSQILPDPSKPSKRSFIEDLLFNKVTLADAGFIKQYGDCLGDIAARDLICAQKFNGLTVLPPLLTDEMIAQYTS",120,1,"split_02_75",-1
"QII57161.1:14","2697049","9606","QII57161.1",886,1125,"WTFGAGAALQIPFAMQMAYRFNGIGVTQNVLYENQKLIANQFNSAIGKIQDSLSSTASALGKLQDVVNQNAQALNTLVKQLSSNFGAISSVLNDILSRLDKVEAEVQIDRLITGRLQSLQTYVTQQLIRAAEIRASANLAATKMSECVLGQSKRVDFCGKGYHLMSFPQSAPHGVVFLHVTYVPAQEKNFTTAPAICHDGKAHFPREGVFVSNGTHWFVTQRNFYEPQIITTDNTFVSGN",240,1,"split_02_75",-1
"QII57161.1:16","2697049","9606","QII57161.1",1136,1225,"TVYDPLQPELDSFKEELDKYFKNHTSPDVDLGDISGINASVVNIQKEIDRLNEVAKNLNESLIDLQELGKYEQYIKWPWYIWLGFIAGLI",90,1,"split_02_75",-1
"QII57161.1:18","2697049","9606","QII57161.1",1236,1245,"CMTSCCSCLK",10,1,"split_02_75",1
"QII57161.1:19","2697049","9606","QII57161.1",1246,1273,"GCCSCGSCCKFDEDDSEPVLKGVKLHYT",28,1,"split_02_75",-1
"QII57161.1:2","2697049","9606","QII57161.1",14,113,"QCVNLTTRTQLPPAYTNSFTRGVYYPDKVFRSSVLHSTQDLFLPFFSNVTWFHAIHVSGTNGTKRFDNPVLPFNDGVYFASTEKSNIIRGWIFGTTLDSK",100,1,"split_02_75",-1
"QII57161.1:4","2697049","9606","QII57161.1",134,403,"QFCNDPFLGVYYHKNNKSWMESEFRVYSSANNCTFEYVSQPFLMDLEGKQGNFKNLREFVFKNIDGYFKIYSKHTPINLVRDLPQGFSALEPLVDLPIGINITRFQTLLALHRSYLTPGDSSSGWTAGAAAYYVGYLQPRTFLLKYNENGTITDAVDCALDPLSETKCTLKSFTVEKGIYQTSNFRVQPTESIVRFPNITNLCPFGEVFNATRFASVYAWNRKRISNCVADYSVLYNSASFSTFKCYGVSPTKLNDLCFTNVYADSFVIR",270,1,"split_02_75",-1
"QII57161.1:5","2697049","9606","QII57161.1",404,413,"GDEVRQIAPG",10,1,"split_02_75",1
"QII57161.1:6","2697049","9606","QII57161.1",414,643,"QTGKIADYNYKLPDDFTGCVIAWNSNNLDSKVGGNYNYLYRLFRKSNLKPFERDISTEIYQAGSTPCNGVEGFNCYFPLQSYGFQPTNGVGYQPYRVVVLSFELLHAPATVCGPKKSTNLVKNKCVNFNFNGLTGTGVLTESNKKFLPFQQFGRDIADTTDAVRDPQTLEILDITPCSFGGVSVITPGTNTSNQVAVLYQDVNCTEVPVAIHADQLTPTWRVYSTGSNVF",230,1,"split_02_75",-1
"QII57161.1:7","2697049","9606","QII57161.1",644,653,"QTRAGCLIGA",10,1,"split_02_75",1
"QII57161.1:8","2697049","9606","QII57161.1",654,673,"EHVNNSYECDIPIGAGICAS",20,1,"split_02_75",-1
"QII57162.1:1","2697049","9606","QII57162.1",1,11,"MYSFVSEETGT",11,2,"split_01_25",-1
"QII57162.1:3","2697049","9606","QII57162.1",35,44,"TALRLCAYCC",10,2,"split_01_25",-1
"QII57162.1:5","2697049","9606","QII57162.1",66,75,"NSSRVPDLLV",10,2,"split_01_25",-1
"QII57163.1:1","2697049","9606","QII57163.1",1,19,"MADSNGTITVEELKKLLEQ",19,3,"split_01_25",1
"QII57163.1:3","2697049","9606","QII57163.1",40,50,"ANRNRFLYIIK",11,3,"split_01_25",-1
"QII57163.1:5","2697049","9606","QII57163.1",71,80,"YRINWITGGI",10,3,"split_01_25",-1
"QII57163.1:7","2697049","9606","QII57163.1",213,222,"SSDNIALLVQ",10,3,"split_01_25",-1
"QJF11943.1:2","2697049","9606","QJF11943.1",152,172,"ANNAAIVLQLPQGTTLPKGFY",21,4,"split_01_25",-1
"QKE11719.1:11","2697049","9606","QKE11719.1",454,467,"RLFRKSNLKPFERD",14,1,"split_02_75",1
"QKE11719.1:13","2697049","9606","QKE11719.1",479,488,"PCNGVEGFNC",10,1,"split_02_75",1
"QKE11719.1:19","2697049","9606","QKE11719.1",547,570,"TGTGVLTESNKKFLPFQQFGRDIA",24,1,"split_02_75",-1
"QKE11719.1:21","2697049","9606","QKE11719.1",760,768,"CTQLNRALT",9,1,"split_02_75",1
"QKE11719.1:23","2697049","9606","QKE11719.1",770,777,"IAVEQDKN",8,1,"split_02_75",1
"QKE11719.1:29","2697049","9606","QKE11719.1",1247,1270,"CCSCGSCCKFDEDDSEPVLKGVKL",24,1,"split_02_75",1
"QKE11719.1:4","2697049","9606","QKE11719.1",348,362,"ASVYAWNRKRISNCV",15,1,"split_02_75",-1
"QKE11719.1:6","2697049","9606","QKE11719.1",406,413,"EVRQIAPG",8,1,"split_02_75",-1
"QKE11719.1:7","2697049","9606","QKE11719.1",414,435,"QTGKIADYNYKLPDDFTGCVIA",22,1,"split_02_75",1
"QKE11719.1:9","2697049","9606","QKE11719.1",437,448,"NSNNLDSKVGGN",12,1,"split_02_75",-1
"YP_009724389.1:10","2697049","9606","YP_009724389.1",4836,4850,"QDGNAAISDYDYYRY",15,5,"split_02_75",1
"YP_009724389.1:2","2697049","9606","YP_009724389.1",1912,1926,"IDLVPNQPYPNASFD",15,5,"split_02_75",1
"YP_009724389.1:4","2697049","9606","YP_009724389.1",2868,2882,"GLPGTILRTTNGDFL",15,5,"split_02_75",1
"YP_009724389.1:6","2697049","9606","YP_009724389.1",3808,3822,"LGVYDYLVSTQEFRY",15,5,"split_02_75",1
"YP_009724389.1:8","2697049","9606","YP_009724389.1",4600,4614,"DNQDLNGNWYDFGDF",15,5,"split_02_75",-1
"YP_009724390.1:10","2697049","9606","YP_009724390.1",402,431,"IRGDEVRQIAPGQTGKIADYNYKLPDDFTG",30,1,"split_02_75",-1
"YP_009724390.1:13","2697049","10000067,9606","YP_009724390.1",494,518,"SYGFQPTNGVGYQPYRVVVLSFELL",25,1,"split_02_75",-1
"YP_009724390.1:15","2697049","9606","YP_009724390.1",521,572,"PATVCGPKKSTNLVKNKCVNFNFNGLTGTGVLTESNKKFLPFQQFGRDIADT",52,1,"split_02_75",-1
"YP_009724390.1:17","2697049","9606","YP_009724390.1",619,668,"EVPVAIHADQLTPTWRVYSTGSNVFQTRAGCLIGAEHVNNSYECDIPIGA",50,1,"split_02_75",-1
"YP_009724390.1:19","2697049","9606","YP_009724390.1",671,685,"CASYQTQTNSPRRAR",15,1,"split_02_75",1
"YP_009724390.1:2","2697049","9606","YP_009724390.1",79,93,"FDNPVLPFNDGVYFA",15,1,"split_02_75",-1
"YP_009724390.1:21","2697049","9031","YP_009724390.1",691,699,"SIIAYTMSL",9,1,"split_02_75",1
"YP_009724390.1:26","2697049","9606","YP_009724390.1",801,818,"NFSQILPDPSKPSKRSFI",18,1,"split_02_75",-1
"YP_009724390.1:28","2697049","9606","YP_009724390.1",825,850,"KVTLADAGFIKQYGDCLGDIAARDLI",26,1,"split_02_75",-1
"YP_009724390.1:30","2697049","9606","YP_009724390.1",901,930,"QMAYRFNGIGVTQNVLYENQKLIANQFNSA",30,1,"split_02_75",-1
"YP_009724390.1:32","2697049","9606","YP_009724390.1",939,968,"SSTASALGKLQDVVNQNAQALNTLVKQLSS",30,1,"split_02_75",-1
"YP_009724390.1:36","2697049","9606","YP_009724390.1",1184,1195,"DRLNEVAKNLNE",12,1,"split_02_75",-1
"YP_009724390.1:4","2697049","9606","YP_009724390.1",186,215,"FKNLREFVFKNIDGYFKIYSKHTPINLVRD",30,1,"split_02_75",-1
"YP_009724390.1:6","2697049","9606","YP_009724390.1",273,302,"RTFLLKYNENGTITDAVDCALDPLSETKCT",30,1,"split_02_75",-1
"YP_009724390.1:8","2697049","9606","YP_009724390.1",330,359,"PNITNLCPFGEVFNATRFASVYAWNRKRIS",30,1,"split_02_75",-1
"YP_009724397.2:10","2697049","10000000","YP_009724397.2",171,178,"FYAEGSRG",8,4,"split_01_25",1
"YP_009724397.2:14","2697049","9606","YP_009724397.2",245,274,"TVTKKSAAEASKKPRQKRTATKAYNVTQAF",30,4,"split_01_25",-1
"YP_009724397.2:16","2697049","9606","YP_009724397.2",281,301,"QTQGNFGDQELIRQGTDYKHW",21,4,"split_01_25",1
"YP_009724397.2:18","2697049","9606","YP_009724397.2",346,361,"FKDQVILLNKHIDAYK",16,4,"split_01_25",-1
"YP_009724397.2:20","2697049","9606","YP_009724397.2",368,375,"PKKDKKKK",8,4,"split_01_25",-1
"YP_009724397.2:4","2697049","9606","YP_009724397.2",99,127,"GKMKDLSPRWYFYYLGTGPEAGLPYGANK",29,4,"split_01_25",-1
"YP_009724397.2:6","2697049","10000000","YP_009724397.2",132,155,"WVATEGALNTPKDHIGTRNPANNA",24,4,"split_01_25",1
"YP_009724397.2:7","2697049","9606,10000000","YP_009724397.2",156,165,"AIVLQLPQGT",10,4,"split_01_25",-1
